9	NaN	NaN	NaN	NaN	NaN	NaN	NaN	NaN
x	y	z	Study	Contrast	N	FixedRandom	CoordSys	Name
26	-80	-48	pain_01	1	25	random	MNI	pain
52	-4	6	pain_01	1	25	random	MNI	pain
-60	-52	-10	pain_01	1	25	random	MNI	pain
-50	-42	-24	pain_01	1	25	random	MNI	pain
60	-30	-28	pain_01	1	25	random	MNI	pain
-36	-68	-40	pain_01	1	25	random	MNI	pain
12	-106	2	pain_01	1	25	random	MNI	pain
44	-6	4	pain_01	1	25	random	MNI	pain
48	-38	-24	pain_01	1	25	random	MNI	pain
-56	-62	-6	pain_01	1	25	random	MNI	pain
38	46	6	pain_01	1	25	random	MNI	pain
54	-46	-26	pain_01	1	25	random	MNI	pain
52	-22	22	pain_02	2	25	random	MNI	pain
-6	-94	-6	pain_02	2	25	random	MNI	pain
10	-62	-10	pain_02	2	25	random	MNI	pain
36	38	30	pain_02	2	25	random	MNI	pain
-8	-88	-16	pain_02	2	25	random	MNI	pain
-36	2	-16	pain_02	2	25	random	MNI	pain
60	0	0	pain_03	3	20	random	MNI	pain
-32	-90	-10	pain_03	3	20	random	MNI	pain
-26	-66	-40	pain_03	3	20	random	MNI	pain
32	-92	-12	pain_03	3	20	random	MNI	pain
52	6	0	pain_03	3	20	random	MNI	pain
8	2	60	pain_03	3	20	random	MNI	pain
-58	10	8	pain_03	3	20	random	MNI	pain
22	-92	-6	pain_03	3	20	random	MNI	pain
-2	20	40	pain_03	3	20	random	MNI	pain
4	-2	52	pain_03	3	20	random	MNI	pain
-24	-68	-28	pain_03	3	20	random	MNI	pain
18	-102	-4	pain_03	3	20	random	MNI	pain
20	-100	-2	pain_04	4	20	random	MNI	pain
52	4	-2	pain_04	4	20	random	MNI	pain
54	-28	18	pain_04	4	20	random	MNI	pain
0	6	62	pain_04	4	20	random	MNI	pain
-40	4	-14	pain_04	4	20	random	MNI	pain
56	10	8	pain_04	4	20	random	MNI	pain
-36	-90	-14	pain_04	4	20	random	MNI	pain
32	-98	-14	pain_04	4	20	random	MNI	pain
-36	-94	-22	pain_04	4	20	random	MNI	pain
20	-92	-14	pain_04	4	20	random	MNI	pain
4	-6	66	pain_04	4	20	random	MNI	pain
-24	-68	-36	pain_04	4	20	random	MNI	pain
36	2	-2	pain_04	4	20	random	MNI	pain
8	4	58	pain_04	4	20	random	MNI	pain
-30	16	2	pain_04	4	20	random	MNI	pain
46	-30	24	pain_04	4	20	random	MNI	pain
-32	18	-20	pain_04	4	20	random	MNI	pain
34	-20	14	pain_04	4	20	random	MNI	pain
-8	-26	28	pain_05	5	9	random	MNI	pain
-6	20	40	pain_05	5	9	random	MNI	pain
42	-64	-32	pain_05	5	9	random	MNI	pain
6	18	42	pain_05	5	9	random	MNI	pain
38	22	4	pain_05	5	9	random	MNI	pain
-20	-58	-44	pain_05	5	9	random	MNI	pain
-34	12	-10	pain_05	5	9	random	MNI	pain
40	10	-8	pain_05	5	9	random	MNI	pain
-32	-60	-34	pain_05	5	9	random	MNI	pain
-2	6	56	pain_06	6	9	random	MNI	pain
-10	-28	2	pain_06	6	9	random	MNI	pain
-34	-4	-8	pain_06	6	9	random	MNI	pain
-34	-74	-42	pain_07	7	9	random	MNI	pain
22	-62	-4	pain_07	7	9	random	MNI	pain
-10	-92	2	pain_07	7	9	random	MNI	pain
8	-30	82	pain_07	7	9	random	MNI	pain
2	-34	78	pain_07	7	9	random	MNI	pain
-4	-44	74	pain_07	7	9	random	MNI	pain
2	-86	-40	pain_08	8	12	random	MNI	pain
4	-26	24	pain_08	8	12	random	MNI	pain
-36	-60	-40	pain_08	8	12	random	MNI	pain
40	50	30	pain_08	8	12	random	MNI	pain
64	-38	22	pain_08	8	12	random	MNI	pain
20	-44	62	pain_08	8	12	random	MNI	pain
-46	-56	-54	pain_08	8	12	random	MNI	pain
36	44	24	pain_08	8	12	random	MNI	pain
0	14	30	pain_08	8	12	random	MNI	pain
-4	-70	50	pain_08	8	12	random	MNI	pain
-24	-8	6	pain_08	8	12	random	MNI	pain
38	56	20	pain_08	8	12	random	MNI	pain
72	-38	28	pain_08	8	12	random	MNI	pain
12	-68	46	pain_08	8	12	random	MNI	pain
54	-30	20	pain_08	8	12	random	MNI	pain
14	-76	-42	pain_09	9	12	random	MNI	pain
68	-48	-14	pain_09	9	12	random	MNI	pain
-28	-56	-46	pain_09	9	12	random	MNI	pain
30	26	12	pain_09	9	12	random	MNI	pain
66	-44	-4	pain_09	9	12	random	MNI	pain
24	36	16	pain_09	9	12	random	MNI	pain
30	-62	-38	pain_09	9	12	random	MNI	pain
-20	-74	-40	pain_09	9	12	random	MNI	pain
60	-60	-16	pain_09	9	12	random	MNI	pain
8	-26	18	pain_09	9	12	random	MNI	pain
36	44	34	pain_09	9	12	random	MNI	pain
38	-58	-44	pain_09	9	12	random	MNI	pain
2	-52	50	pain_09	9	12	random	MNI	pain
46	-50	54	pain_09	9	12	random	MNI	pain
-46	-58	-54	pain_09	9	12	random	MNI	pain
-10	-12	2	pain_10	10	12	random	MNI	pain
-10	-66	50	pain_10	10	12	random	MNI	pain
52	-30	20	pain_10	10	12	random	MNI	pain
-2	-38	84	pain_10	10	12	random	MNI	pain
22	-40	38	pain_10	10	12	random	MNI	pain
-4	-18	0	pain_10	10	12	random	MNI	pain
40	8	2	pain_10	10	12	random	MNI	pain
60	-38	32	pain_10	10	12	random	MNI	pain
68	-36	36	pain_10	10	12	random	MNI	pain
40	-36	-44	pain_10	10	12	random	MNI	pain
46	-2	-10	pain_10	10	12	random	MNI	pain
2	18	28	pain_10	10	12	random	MNI	pain
44	4	12	pain_10	10	12	random	MNI	pain
-38	-54	-40	pain_10	10	12	random	MNI	pain
-30	-60	-46	pain_10	10	12	random	MNI	pain
-36.0	-20.0	12.0	pain_11	11	12	random	MNI	pain
-6.0	-48.0	54.0	pain_11	11	12	random	MNI	pain
8.0	-22.0	8.0	pain_11	11	12	random	MNI	pain
10.0	-12.0	8.0	pain_11	11	12	random	MNI	pain
-8.0	-20.0	10.0	pain_11	11	12	random	MNI	pain
4.0	4.0	46.0	pain_11	11	12	random	MNI	pain
-30.0	42.0	38.0	pain_12	12	13	random	MNI	pain
38.0	8.0	-18.0	pain_12	12	13	random	MNI	pain
-6.0	-36.0	68.0	pain_12	13	13	random	MNI	pain_deactivations
-4.0	-38.0	58.0	pain_12	13	13	random	MNI	pain_deactivations
-4.0	-32.0	70.0	pain_12	13	13	random	MNI	pain_deactivations
-6.0	58.0	-6.0	pain_12	13	13	random	MNI	pain_deactivations
-58.0	0.0	-32.0	pain_12	13	13	random	MNI	pain_deactivations
-8.0	-54.0	8.0	pain_12	13	13	random	MNI	pain_deactivations
-26.0	-18.0	-26.0	pain_12	13	13	random	MNI	pain_deactivations
20.0	-10.0	-26.0	pain_12	13	13	random	MNI	pain_deactivations
-34.0	40.0	16.0	pain_12	12	13	random	MNI	pain
-4.0	-62.0	16.0	pain_12	13	13	random	MNI	pain_deactivations
58.0	-8.0	-26.0	pain_12	13	13	random	MNI	pain_deactivations
12.0	-68.0	34.0	pain_12	12	13	random	MNI	pain
-58.0	4.0	-34.0	pain_12	13	13	random	MNI	pain_deactivations
-18.0	60.0	-2.0	pain_12	13	13	random	MNI	pain_deactivations
26.0	-32.0	-24.0	pain_12	13	13	random	MNI	pain_deactivations
-4.0	38.0	-22.0	pain_12	13	13	random	MNI	pain_deactivations
-8.0	48.0	34.0	pain_12	13	13	random	MNI	pain_deactivations
20.0	-28.0	-30.0	pain_12	13	13	random	MNI	pain_deactivations
-52.0	-68.0	14.0	pain_12	13	13	random	MNI	pain_deactivations
28.0	-42.0	-20.0	pain_12	13	13	random	MNI	pain_deactivations
-30.0	-20.0	-24.0	pain_12	13	13	random	MNI	pain_deactivations
6.0	-76.0	50.0	pain_12	12	13	random	MNI	pain
-58.0	-16.0	-20.0	pain_12	13	13	random	MNI	pain_deactivations
8.0	-34.0	62.0	pain_12	13	13	random	MNI	pain_deactivations
38.0	4.0	-16.0	pain_12	12	13	random	MNI	pain
-56.0	-66.0	22.0	pain_12	13	13	random	MNI	pain_deactivations
-42.0	-70.0	14.0	pain_12	13	13	random	MNI	pain_deactivations
38.0	2.0	2.0	pain_12	12	13	random	MNI	pain
-54.0	12.0	-36.0	pain_12	13	13	random	MNI	pain_deactivations
2.0	-32.0	60.0	pain_12	13	13	random	MNI	pain_deactivations
28.0	-8.0	-28.0	pain_12	13	13	random	MNI	pain_deactivations
0.0	-56.0	8.0	pain_12	13	13	random	MNI	pain_deactivations
-30.0	40.0	16.0	pain_12	12	13	random	MNI	pain
10.0	-72.0	52.0	pain_12	12	13	random	MNI	pain
-8.0	-74.0	42.0	pain_12	12	13	random	MNI	pain
-48.0	-60.0	20.0	pain_12	13	13	random	MNI	pain_deactivations
-8.0	62.0	20.0	pain_12	13	13	random	MNI	pain_deactivations
54.0	8.0	-30.0	pain_12	13	13	random	MNI	pain_deactivations
-36.0	14.0	2.0	pain_12	12	13	random	MNI	pain
-32.0	-38.0	-22.0	pain_12	13	13	random	MNI	pain_deactivations
10.0	-36.0	68.0	pain_12	13	13	random	MNI	pain_deactivations
-28.0	38.0	26.0	pain_12	12	13	random	MNI	pain
-12.0	60.0	10.0	pain_12	13	13	random	MNI	pain_deactivations
-28.0	-24.0	-24.0	pain_12	13	13	random	MNI	pain_deactivations
4.0	-58.0	16.0	pain_12	13	13	random	MNI	pain_deactivations
-20.0	-8.0	-26.0	pain_12	13	13	random	MNI	pain_deactivations
26.0	-16.0	-26.0	pain_12	13	13	random	MNI	pain_deactivations
-30.0	50.0	30.0	pain_12	12	13	random	MNI	pain
-48.0	16.0	-46.0	pain_12	13	13	random	MNI	pain_deactivations
-16.0	-60.0	12.0	pain_12	13	13	random	MNI	pain_deactivations
64.0	-6.0	-26.0	pain_12	13	13	random	MNI	pain_deactivations
4.0	-70.0	34.0	pain_12	12	13	random	MNI	pain
56.0	-24.0	24.0	pain_12	12	13	random	MNI	pain
-56.0	8.0	-36.0	pain_12	13	13	random	MNI	pain_deactivations
58.0	-12.0	-12.0	pain_12	13	13	random	MNI	pain_deactivations
-40.0	-74.0	40.0	pain_12	13	13	random	MNI	pain_deactivations
56.0	0.0	-28.0	pain_12	13	13	random	MNI	pain_deactivations
34.0	18.0	2.0	pain_12	12	13	random	MNI	pain
-24.0	-30.0	-24.0	pain_12	13	13	random	MNI	pain_deactivations
-34.0	46.0	30.0	pain_12	12	13	random	MNI	pain
50.0	-10.0	-32.0	pain_12	13	13	random	MNI	pain_deactivations
-54.0	-64.0	32.0	pain_12	13	13	random	MNI	pain_deactivations
2.0	-74.0	48.0	pain_12	12	13	random	MNI	pain
-4.0	-56.0	18.0	pain_12	13	13	random	MNI	pain_deactivations
-50.0	-20.0	54.0	pain_13	14	32	random	MNI	pain_deactivations
0.0	48.0	-20.0	pain_13	14	32	random	MNI	pain_deactivations
-52.0	-64.0	22.0	pain_13	14	32	random	MNI	pain_deactivations
-66.0	-20.0	28.0	pain_13	15	32	random	MNI	pain
4.0	-58.0	-54.0	pain_13	14	32	random	MNI	pain_deactivations
-28.0	-38.0	-18.0	pain_13	14	32	random	MNI	pain_deactivations
36.0	0.0	-14.0	pain_13	15	32	random	MNI	pain
44.0	-22.0	46.0	pain_13	14	32	random	MNI	pain_deactivations
-64.0	-22.0	38.0	pain_13	15	32	random	MNI	pain
52.0	12.0	-34.0	pain_13	14	32	random	MNI	pain_deactivations
36.0	2.0	4.0	pain_13	15	32	random	MNI	pain
-64.0	-26.0	40.0	pain_13	15	32	random	MNI	pain
60.0	-10.0	-24.0	pain_13	14	32	random	MNI	pain_deactivations
56.0	-2.0	-32.0	pain_13	14	32	random	MNI	pain_deactivations
38.0	-24.0	48.0	pain_13	14	32	random	MNI	pain_deactivations
46.0	12.0	-40.0	pain_13	14	32	random	MNI	pain_deactivations
48.0	14.0	-36.0	pain_13	14	32	random	MNI	pain_deactivations
52.0	-12.0	-30.0	pain_13	14	32	random	MNI	pain_deactivations
12.0	-50.0	-60.0	pain_13	14	32	random	MNI	pain_deactivations
38.0	16.0	-6.0	pain_13	15	32	random	MNI	pain
32.0	10.0	-2.0	pain_13	15	32	random	MNI	pain
12.0	-56.0	-60.0	pain_13	14	32	random	MNI	pain_deactivations
-58.0	-30.0	34.0	pain_13	15	32	random	MNI	pain
-38.0	16.0	-2.0	pain_13	15	32	random	MNI	pain
-64.0	-20.0	20.0	pain_13	15	32	random	MNI	pain
38.0	-10.0	-4.0	pain_13	15	32	random	MNI	pain
-66.0	-16.0	24.0	pain_13	15	32	random	MNI	pain
20.0	-44.0	-60.0	pain_13	14	32	random	MNI	pain_deactivations
2.0	-46.0	-46.0	pain_13	14	32	random	MNI	pain_deactivations
32.0	22.0	-2.0	pain_14	16	24	random	MNI	pain
-32.0	22.0	2.0	pain_14	16	24	random	MNI	pain
48.0	-24.0	58.0	pain_14	17	24	random	MNI	pain_deactivations
6.0	44.0	-22.0	pain_14	17	24	random	MNI	pain_deactivations
-62.0	-2.0	40.0	pain_14	17	24	random	MNI	pain_deactivations
-18.0	-30.0	76.0	pain_14	17	24	random	MNI	pain_deactivations
0.0	54.0	-22.0	pain_14	17	24	random	MNI	pain_deactivations
14.0	-52.0	-66.0	pain_14	16	24	random	MNI	pain
26.0	-46.0	-62.0	pain_14	16	24	random	MNI	pain
8.0	-54.0	18.0	pain_14	17	24	random	MNI	pain_deactivations
10.0	-72.0	-58.0	pain_14	16	24	random	MNI	pain
-6.0	-52.0	22.0	pain_14	17	24	random	MNI	pain_deactivations
40.0	2.0	-2.0	pain_14	16	24	random	MNI	pain
10.0	50.0	-6.0	pain_14	17	24	random	MNI	pain_deactivations
6.0	34.0	-18.0	pain_14	17	24	random	MNI	pain_deactivations
-12.0	-50.0	4.0	pain_14	17	24	random	MNI	pain_deactivations
-62.0	-2.0	36.0	pain_14	17	24	random	MNI	pain_deactivations
-42.0	-28.0	64.0	pain_14	17	24	random	MNI	pain_deactivations
-22.0	-46.0	6.0	pain_14	17	24	random	MNI	pain_deactivations
-36.0	-38.0	70.0	pain_14	17	24	random	MNI	pain_deactivations
30.0	-36.0	74.0	pain_14	17	24	random	MNI	pain_deactivations
26.0	-32.0	72.0	pain_14	17	24	random	MNI	pain_deactivations
-10.0	-54.0	8.0	pain_14	17	24	random	MNI	pain_deactivations
-34.0	-58.0	-34.0	pain_14	16	24	random	MNI	pain
16.0	-72.0	-62.0	pain_14	16	24	random	MNI	pain
-42.0	-24.0	58.0	pain_14	17	24	random	MNI	pain_deactivations
42.0	-22.0	58.0	pain_14	17	24	random	MNI	pain_deactivations
16.0	-62.0	-64.0	pain_14	16	24	random	MNI	pain
66.0	-2.0	30.0	pain_14	17	24	random	MNI	pain_deactivations
38.0	18.0	-8.0	pain_14	16	24	random	MNI	pain
22.0	-102.0	-10.0	pain_14	16	24	random	MNI	pain
28.0	-56.0	-66.0	pain_14	16	24	random	MNI	pain
-6.0	46.0	-18.0	pain_14	17	24	random	MNI	pain_deactivations
4.0	48.0	-4.0	pain_14	17	24	random	MNI	pain_deactivations
-34.0	-38.0	-10.0	pain_14	17	24	random	MNI	pain_deactivations
48.0	-22.0	52.0	pain_14	17	24	random	MNI	pain_deactivations
0.0	6.0	44.0	pain_15	18	14	random	MNI	pain
-48.0	-68.0	38.0	pain_15	19	14	random	MNI	pain_deactivations
24.0	-44.0	22.0	pain_15	19	14	random	MNI	pain_deactivations
-22.0	-46.0	22.0	pain_15	19	14	random	MNI	pain_deactivations
40.0	10.0	-10.0	pain_15	18	14	random	MNI	pain
-52.0	-10.0	26.0	pain_15	19	14	random	MNI	pain_deactivations
-22.0	-32.0	-26.0	pain_15	19	14	random	MNI	pain_deactivations
-46.0	-6.0	6.0	pain_15	18	14	random	MNI	pain
4.0	-34.0	72.0	pain_15	19	14	random	MNI	pain_deactivations
-18.0	-10.0	-28.0	pain_15	19	14	random	MNI	pain_deactivations
-50.0	12.0	-38.0	pain_15	19	14	random	MNI	pain_deactivations
-6.0	22.0	-22.0	pain_15	19	14	random	MNI	pain_deactivations
-24.0	-30.0	22.0	pain_15	19	14	random	MNI	pain_deactivations
-52.0	8.0	-30.0	pain_15	19	14	random	MNI	pain_deactivations
2.0	-100.0	4.0	pain_15	19	14	random	MNI	pain_deactivations
8.0	-36.0	74.0	pain_15	19	14	random	MNI	pain_deactivations
60.0	-8.0	-30.0	pain_15	19	14	random	MNI	pain_deactivations
62.0	0.0	-28.0	pain_15	19	14	random	MNI	pain_deactivations
-60.0	-22.0	-18.0	pain_15	19	14	random	MNI	pain_deactivations
-46.0	-74.0	32.0	pain_15	19	14	random	MNI	pain_deactivations
-18.0	-36.0	-24.0	pain_15	19	14	random	MNI	pain_deactivations
-46.0	4.0	28.0	pain_15	18	14	random	MNI	pain
60.0	-4.0	18.0	pain_15	19	14	random	MNI	pain_deactivations
-56.0	-8.0	28.0	pain_15	19	14	random	MNI	pain_deactivations
-48.0	-66.0	34.0	pain_15	19	14	random	MNI	pain_deactivations
-42.0	24.0	-34.0	pain_15	19	14	random	MNI	pain_deactivations
26.0	-34.0	-26.0	pain_15	19	14	random	MNI	pain_deactivations
-56.0	-24.0	-18.0	pain_15	19	14	random	MNI	pain_deactivations
66.0	-4.0	-22.0	pain_15	19	14	random	MNI	pain_deactivations
-24.0	-30.0	-30.0	pain_15	19	14	random	MNI	pain_deactivations
62.0	-14.0	-24.0	pain_15	19	14	random	MNI	pain_deactivations
-22.0	-8.0	-28.0	pain_15	19	14	random	MNI	pain_deactivations
-66.0	-6.0	-30.0	pain_15	19	14	random	MNI	pain_deactivations
-6.0	34.0	-12.0	pain_15	19	14	random	MNI	pain_deactivations
-62.0	-22.0	18.0	pain_15	18	14	random	MNI	pain
-46.0	-16.0	32.0	pain_15	19	14	random	MNI	pain_deactivations
-20.0	-14.0	-28.0	pain_15	19	14	random	MNI	pain_deactivations
4.0	-30.0	76.0	pain_15	19	14	random	MNI	pain_deactivations
22.0	-86.0	14.0	pain_15	19	14	random	MNI	pain_deactivations
38.0	-8.0	-6.0	pain_15	18	14	random	MNI	pain
-4.0	-52.0	74.0	pain_15	19	14	random	MNI	pain_deactivations
60.0	6.0	-38.0	pain_15	19	14	random	MNI	pain_deactivations
-22.0	-16.0	38.0	pain_15	19	14	random	MNI	pain_deactivations
20.0	-10.0	-30.0	pain_15	19	14	random	MNI	pain_deactivations
62.0	-4.0	-30.0	pain_15	19	14	random	MNI	pain_deactivations
-6.0	50.0	42.0	pain_16	20	14	random	MNI	pain_deactivations
34.0	18.0	-12.0	pain_16	21	14	random	MNI	pain
-68.0	-18.0	-24.0	pain_16	20	14	random	MNI	pain_deactivations
-46.0	-56.0	4.0	pain_16	21	14	random	MNI	pain
-24.0	-42.0	30.0	pain_16	20	14	random	MNI	pain_deactivations
-26.0	-10.0	-32.0	pain_16	20	14	random	MNI	pain_deactivations
-20.0	-46.0	66.0	pain_16	21	14	random	MNI	pain
-24.0	-16.0	-28.0	pain_16	20	14	random	MNI	pain_deactivations
50.0	4.0	8.0	pain_16	21	14	random	MNI	pain
50.0	-50.0	-44.0	pain_16	21	14	random	MNI	pain
40.0	-32.0	46.0	pain_16	20	14	random	MNI	pain_deactivations
64.0	-20.0	-2.0	pain_16	20	14	random	MNI	pain_deactivations
62.0	-24.0	0.0	pain_16	20	14	random	MNI	pain_deactivations
28.0	-48.0	20.0	pain_16	20	14	random	MNI	pain_deactivations
-28.0	-38.0	-18.0	pain_16	20	14	random	MNI	pain_deactivations
-40.0	38.0	-24.0	pain_16	20	14	random	MNI	pain_deactivations
-56.0	-66.0	0.0	pain_16	21	14	random	MNI	pain
6.0	-58.0	50.0	pain_16	21	14	random	MNI	pain
-32.0	32.0	-22.0	pain_16	20	14	random	MNI	pain_deactivations
-48.0	-34.0	20.0	pain_16	21	14	random	MNI	pain
-40.0	-20.0	8.0	pain_16	21	14	random	MNI	pain
-54.0	28.0	-12.0	pain_16	20	14	random	MNI	pain_deactivations
22.0	-76.0	52.0	pain_16	20	14	random	MNI	pain_deactivations
-44.0	-60.0	20.0	pain_16	20	14	random	MNI	pain_deactivations
40.0	-26.0	42.0	pain_16	20	14	random	MNI	pain_deactivations
28.0	-66.0	62.0	pain_16	20	14	random	MNI	pain_deactivations
64.0	-12.0	-6.0	pain_16	20	14	random	MNI	pain_deactivations
26.0	38.0	44.0	pain_16	20	14	random	MNI	pain_deactivations
-48.0	-62.0	44.0	pain_16	20	14	random	MNI	pain_deactivations
-8.0	-46.0	52.0	pain_16	21	14	random	MNI	pain
-54.0	-48.0	8.0	pain_16	21	14	random	MNI	pain
-6.0	10.0	44.0	pain_16	21	14	random	MNI	pain
-50.0	-14.0	38.0	pain_16	20	14	random	MNI	pain_deactivations
38.0	-68.0	52.0	pain_16	20	14	random	MNI	pain_deactivations
-60.0	-64.0	-4.0	pain_16	21	14	random	MNI	pain
-52.0	-64.0	40.0	pain_16	20	14	random	MNI	pain_deactivations
24.0	-42.0	-24.0	pain_16	20	14	random	MNI	pain_deactivations
70.0	-30.0	4.0	pain_16	20	14	random	MNI	pain_deactivations
50.0	-24.0	14.0	pain_16	21	14	random	MNI	pain
34.0	-52.0	-42.0	pain_16	21	14	random	MNI	pain
-60.0	-62.0	4.0	pain_16	21	14	random	MNI	pain
-42.0	-60.0	52.0	pain_16	20	14	random	MNI	pain_deactivations
-28.0	-18.0	-24.0	pain_16	20	14	random	MNI	pain_deactivations
30.0	30.0	14.0	pain_16	20	14	random	MNI	pain_deactivations
28.0	-40.0	-24.0	pain_16	20	14	random	MNI	pain_deactivations
22.0	-2.0	36.0	pain_16	20	14	random	MNI	pain_deactivations
66.0	-20.0	-24.0	pain_16	20	14	random	MNI	pain_deactivations
-30.0	-48.0	-8.0	pain_16	20	14	random	MNI	pain_deactivations
-46.0	32.0	-22.0	pain_16	20	14	random	MNI	pain_deactivations
-20.0	-16.0	-28.0	pain_16	20	14	random	MNI	pain_deactivations
-54.0	8.0	-34.0	pain_16	20	14	random	MNI	pain_deactivations
34.0	24.0	50.0	pain_16	20	14	random	MNI	pain_deactivations
24.0	-12.0	-26.0	pain_16	20	14	random	MNI	pain_deactivations
-48.0	-68.0	32.0	pain_16	20	14	random	MNI	pain_deactivations
60.0	-8.0	-32.0	pain_16	20	14	random	MNI	pain_deactivations
26.0	32.0	8.0	pain_16	20	14	random	MNI	pain_deactivations
-44.0	-18.0	34.0	pain_16	20	14	random	MNI	pain_deactivations
58.0	-46.0	14.0	pain_16	21	14	random	MNI	pain
30.0	-58.0	-36.0	pain_16	21	14	random	MNI	pain
-32.0	-30.0	32.0	pain_16	20	14	random	MNI	pain_deactivations
58.0	-8.0	32.0	pain_16	20	14	random	MNI	pain_deactivations
30.0	-10.0	-28.0	pain_16	20	14	random	MNI	pain_deactivations
-6.0	54.0	-22.0	pain_16	20	14	random	MNI	pain_deactivations
32.0	22.0	-2.0	pain_16	21	14	random	MNI	pain
48.0	-12.0	34.0	pain_16	20	14	random	MNI	pain_deactivations
26.0	6.0	32.0	pain_16	20	14	random	MNI	pain_deactivations
6.0	-68.0	62.0	pain_16	20	14	random	MNI	pain_deactivations
26.0	-56.0	-42.0	pain_16	21	14	random	MNI	pain
-38.0	12.0	52.0	pain_16	20	14	random	MNI	pain_deactivations
30.0	-54.0	-42.0	pain_16	21	14	random	MNI	pain
18.0	-56.0	42.0	pain_16	20	14	random	MNI	pain_deactivations
-28.0	-32.0	34.0	pain_16	20	14	random	MNI	pain_deactivations
-18.0	-48.0	62.0	pain_16	21	14	random	MNI	pain
20.0	-10.0	38.0	pain_16	20	14	random	MNI	pain_deactivations
10.0	-72.0	62.0	pain_16	20	14	random	MNI	pain_deactivations
50.0	-8.0	22.0	pain_16	20	14	random	MNI	pain_deactivations
8.0	18.0	34.0	pain_16	21	14	random	MNI	pain
-32.0	14.0	-2.0	pain_16	21	14	random	MNI	pain
-48.0	-14.0	28.0	pain_16	20	14	random	MNI	pain_deactivations
54.0	-56.0	42.0	pain_16	20	14	random	MNI	pain_deactivations
-40.0	32.0	-20.0	pain_16	20	14	random	MNI	pain_deactivations
26.0	-4.0	26.0	pain_16	20	14	random	MNI	pain_deactivations
-2.0	-54.0	56.0	pain_16	21	14	random	MNI	pain
8.0	-68.0	36.0	pain_16	21	14	random	MNI	pain
28.0	-48.0	-58.0	pain_16	21	14	random	MNI	pain
-64.0	-8.0	-22.0	pain_16	20	14	random	MNI	pain_deactivations
60.0	-4.0	24.0	pain_16	20	14	random	MNI	pain_deactivations
-52.0	18.0	-34.0	pain_16	20	14	random	MNI	pain_deactivations
-56.0	12.0	-30.0	pain_16	20	14	random	MNI	pain_deactivations
-62.0	-60.0	-2.0	pain_16	21	14	random	MNI	pain
-56.0	24.0	0.0	pain_16	20	14	random	MNI	pain_deactivations
-50.0	-62.0	22.0	pain_16	20	14	random	MNI	pain_deactivations
-6.0	30.0	-22.0	pain_16	20	14	random	MNI	pain_deactivations
-54.0	-28.0	14.0	pain_16	21	14	random	MNI	pain
40.0	24.0	-2.0	pain_16	21	14	random	MNI	pain
-66.0	-22.0	-22.0	pain_16	20	14	random	MNI	pain_deactivations
0.0	-54.0	-10.0	pain_17	22	12	random	MNI	pain
-38.0	-58.0	-32.0	pain_17	22	12	random	MNI	pain
-50.0	-56.0	-20.0	pain_17	22	12	random	MNI	pain
-62.0	-24.0	22.0	pain_17	22	12	random	MNI	pain
0.0	-58.0	-10.0	pain_17	22	12	random	MNI	pain
-36.0	-18.0	4.0	pain_17	22	12	random	MNI	pain
0.0	-70.0	-2.0	pain_17	22	12	random	MNI	pain
0.0	-64.0	-8.0	pain_17	22	12	random	MNI	pain
-54.0	-10.0	4.0	pain_17	22	12	random	MNI	pain
-48.0	-70.0	-4.0	pain_17	22	12	random	MNI	pain
-52.0	-28.0	22.0	pain_17	22	12	random	MNI	pain
-32.0	-60.0	-26.0	pain_17	22	12	random	MNI	pain
-58.0	-56.0	8.0	pain_17	22	12	random	MNI	pain
-60.0	-26.0	26.0	pain_17	22	12	random	MNI	pain
0.0	-84.0	6.0	pain_17	22	12	random	MNI	pain
-2.0	-58.0	-18.0	pain_17	22	12	random	MNI	pain
-18.0	-66.0	-28.0	pain_17	22	12	random	MNI	pain
-52.0	-64.0	4.0	pain_17	22	12	random	MNI	pain
-44.0	-62.0	4.0	pain_17	22	12	random	MNI	pain
-10.0	-66.0	-28.0	pain_17	22	12	random	MNI	pain
-42.0	-60.0	-36.0	pain_17	22	12	random	MNI	pain
-60.0	-28.0	20.0	pain_17	22	12	random	MNI	pain
36.0	10.0	0.0	pain_18	23	12	random	MNI	pain
-40.0	-4.0	4.0	pain_18	23	12	random	MNI	pain
-38.0	-10.0	-2.0	pain_18	23	12	random	MNI	pain
-36.0	-2.0	6.0	pain_18	23	12	random	MNI	pain
58.0	-20.0	16.0	pain_18	23	12	random	MNI	pain
38.0	2.0	2.0	pain_18	23	12	random	MNI	pain
-56.0	-32.0	20.0	pain_18	23	12	random	MNI	pain
58.0	-30.0	18.0	pain_18	23	12	random	MNI	pain
-56.0	-22.0	24.0	pain_18	23	12	random	MNI	pain
-36.0	-24.0	10.0	pain_18	23	12	random	MNI	pain
36.0	16.0	0.0	pain_18	23	12	random	MNI	pain
40.0	16.0	-6.0	pain_18	23	12	random	MNI	pain
26.0	18.0	46.0	pain_19	24	16	random	MNI	pain_deactivations
36.0	-2.0	6.0	pain_19	25	16	random	MNI	pain
32.0	22.0	50.0	pain_19	24	16	random	MNI	pain_deactivations
-22.0	26.0	50.0	pain_19	24	16	random	MNI	pain_deactivations
2.0	-28.0	66.0	pain_19	24	16	random	MNI	pain_deactivations
30.0	-36.0	-18.0	pain_19	24	16	random	MNI	pain_deactivations
42.0	2.0	-4.0	pain_19	25	16	random	MNI	pain
18.0	42.0	46.0	pain_19	24	16	random	MNI	pain_deactivations
2.0	-36.0	66.0	pain_19	24	16	random	MNI	pain_deactivations
-2.0	0.0	48.0	pain_19	25	16	random	MNI	pain
-28.0	-60.0	-34.0	pain_19	25	16	random	MNI	pain
-2.0	14.0	26.0	pain_19	25	16	random	MNI	pain
-14.0	-90.0	-28.0	pain_19	25	16	random	MNI	pain
-24.0	-84.0	-18.0	pain_19	25	16	random	MNI	pain
-20.0	-90.0	-30.0	pain_19	25	16	random	MNI	pain
-54.0	-24.0	48.0	pain_19	24	16	random	MNI	pain_deactivations
-40.0	-32.0	64.0	pain_19	24	16	random	MNI	pain_deactivations
-42.0	54.0	12.0	pain_19	25	16	random	MNI	pain
-52.0	50.0	-16.0	pain_19	25	16	random	MNI	pain
28.0	-42.0	-6.0	pain_19	24	16	random	MNI	pain_deactivations
-42.0	58.0	0.0	pain_19	25	16	random	MNI	pain
-6.0	10.0	38.0	pain_19	25	16	random	MNI	pain
-8.0	14.0	34.0	pain_19	25	16	random	MNI	pain
-24.0	-84.0	-26.0	pain_19	25	16	random	MNI	pain
-4.0	-36.0	58.0	pain_19	24	16	random	MNI	pain_deactivations
20.0	72.0	18.0	pain_19	25	16	random	MNI	pain
6.0	-34.0	68.0	pain_19	24	16	random	MNI	pain_deactivations
24.0	72.0	4.0	pain_19	25	16	random	MNI	pain
26.0	-20.0	-28.0	pain_19	24	16	random	MNI	pain_deactivations
-6.0	-42.0	64.0	pain_19	24	16	random	MNI	pain_deactivations
-2.0	6.0	42.0	pain_19	25	16	random	MNI	pain
-44.0	46.0	18.0	pain_19	25	16	random	MNI	pain
30.0	-46.0	-14.0	pain_19	24	16	random	MNI	pain_deactivations
-36.0	-28.0	58.0	pain_19	24	16	random	MNI	pain_deactivations
34.0	22.0	2.0	pain_19	25	16	random	MNI	pain
-48.0	-28.0	44.0	pain_19	24	16	random	MNI	pain_deactivations
-54.0	-14.0	8.0	pain_19	25	16	random	MNI	pain
4.0	2.0	50.0	pain_19	25	16	random	MNI	pain
28.0	14.0	40.0	pain_19	24	16	random	MNI	pain_deactivations
-44.0	-32.0	48.0	pain_19	24	16	random	MNI	pain_deactivations
-50.0	54.0	-10.0	pain_19	25	16	random	MNI	pain
22.0	26.0	52.0	pain_19	24	16	random	MNI	pain_deactivations
36.0	-28.0	-24.0	pain_19	24	16	random	MNI	pain_deactivations
6.0	-28.0	60.0	pain_19	24	16	random	MNI	pain_deactivations
40.0	12.0	-6.0	pain_19	25	16	random	MNI	pain
-38.0	64.0	-6.0	pain_19	25	16	random	MNI	pain
50.0	58.0	-4.0	pain_19	25	16	random	MNI	pain
30.0	70.0	-10.0	pain_19	25	16	random	MNI	pain
-52.0	-8.0	6.0	pain_19	25	16	random	MNI	pain
24.0	-18.0	-24.0	pain_19	24	16	random	MNI	pain_deactivations
38.0	70.0	6.0	pain_19	25	16	random	MNI	pain
40.0	68.0	-6.0	pain_19	25	16	random	MNI	pain
20.0	-80.0	-28.0	pain_19	25	16	random	MNI	pain
22.0	40.0	44.0	pain_19	24	16	random	MNI	pain_deactivations
4.0	8.0	52.0	pain_20	26	16	random	MNI	pain
20.0	-40.0	26.0	pain_20	27	16	random	MNI	pain_deactivations
40.0	6.0	-8.0	pain_20	26	16	random	MNI	pain
10.0	-24.0	40.0	pain_20	26	16	random	MNI	pain
36.0	8.0	2.0	pain_20	26	16	random	MNI	pain
24.0	-46.0	18.0	pain_20	27	16	random	MNI	pain_deactivations
2.0	-4.0	64.0	pain_20	26	16	random	MNI	pain
38.0	2.0	-14.0	pain_20	26	16	random	MNI	pain
-38.0	2.0	-14.0	pain_20	26	16	random	MNI	pain
-26.0	-14.0	30.0	pain_20	27	16	random	MNI	pain_deactivations
-24.0	-8.0	30.0	pain_20	27	16	random	MNI	pain_deactivations
-36.0	-78.0	-20.0	pain_20	26	16	random	MNI	pain
-26.0	-42.0	22.0	pain_20	27	16	random	MNI	pain_deactivations
-26.0	-46.0	20.0	pain_20	27	16	random	MNI	pain_deactivations
24.0	-46.0	22.0	pain_20	27	16	random	MNI	pain_deactivations
-24.0	-32.0	26.0	pain_20	27	16	random	MNI	pain_deactivations
20.0	-40.0	10.0	pain_20	27	16	random	MNI	pain_deactivations
-24.0	-38.0	26.0	pain_20	27	16	random	MNI	pain_deactivations
28.0	-38.0	26.0	pain_20	27	16	random	MNI	pain_deactivations
4.0	8.0	48.0	pain_20	26	16	random	MNI	pain
6.0	8.0	34.0	pain_20	26	16	random	MNI	pain
8.0	8.0	46.0	pain_20	26	16	random	MNI	pain
-54.0	-68.0	0.0	pain_20	26	16	random	MNI	pain
20.0	-8.0	28.0	pain_20	27	16	random	MNI	pain_deactivations
-20.0	18.0	48.0	pain_21	28	16	random	MNI	pain_deactivations
-8.0	14.0	34.0	pain_21	29	16	random	MNI	pain
22.0	18.0	50.0	pain_21	28	16	random	MNI	pain_deactivations
-4.0	-40.0	80.0	pain_21	28	16	random	MNI	pain_deactivations
0.0	-26.0	82.0	pain_21	28	16	random	MNI	pain_deactivations
-8.0	-30.0	52.0	pain_21	28	16	random	MNI	pain_deactivations
-8.0	44.0	46.0	pain_21	28	16	random	MNI	pain_deactivations
-52.0	-20.0	-2.0	pain_21	28	16	random	MNI	pain_deactivations
40.0	-72.0	-20.0	pain_21	29	16	random	MNI	pain
-58.0	-44.0	20.0	pain_21	29	16	random	MNI	pain
58.0	-22.0	-2.0	pain_21	28	16	random	MNI	pain_deactivations
-46.0	-30.0	4.0	pain_21	28	16	random	MNI	pain_deactivations
0.0	16.0	34.0	pain_21	29	16	random	MNI	pain
-20.0	2.0	18.0	pain_21	28	16	random	MNI	pain_deactivations
20.0	42.0	-2.0	pain_21	28	16	random	MNI	pain_deactivations
8.0	6.0	48.0	pain_21	29	16	random	MNI	pain
0.0	32.0	-20.0	pain_21	28	16	random	MNI	pain_deactivations
-26.0	-86.0	-16.0	pain_21	29	16	random	MNI	pain
-22.0	-16.0	22.0	pain_21	28	16	random	MNI	pain_deactivations
6.0	-38.0	80.0	pain_21	28	16	random	MNI	pain_deactivations
38.0	20.0	50.0	pain_21	28	16	random	MNI	pain_deactivations
-18.0	-4.0	24.0	pain_21	28	16	random	MNI	pain_deactivations
30.0	28.0	50.0	pain_21	28	16	random	MNI	pain_deactivations
18.0	28.0	54.0	pain_21	28	16	random	MNI	pain_deactivations
48.0	-14.0	-4.0	pain_21	28	16	random	MNI	pain_deactivations
60.0	-30.0	4.0	pain_21	28	16	random	MNI	pain_deactivations
0.0	2.0	54.0	pain_21	29	16	random	MNI	pain
64.0	-28.0	-2.0	pain_21	28	16	random	MNI	pain_deactivations
4.0	12.0	36.0	pain_21	29	16	random	MNI	pain
-30.0	-32.0	26.0	pain_21	28	16	random	MNI	pain_deactivations
-8.0	48.0	-12.0	pain_21	28	16	random	MNI	pain_deactivations
-34.0	8.0	-16.0	pain_21	29	16	random	MNI	pain
-42.0	-14.0	30.0	pain_21	28	16	random	MNI	pain_deactivations
56.0	-16.0	-2.0	pain_21	28	16	random	MNI	pain_deactivations
-10.0	32.0	54.0	pain_21	28	16	random	MNI	pain_deactivations
-54.0	-48.0	12.0	pain_21	29	16	random	MNI	pain
-38.0	10.0	2.0	pain_21	29	16	random	MNI	pain
-12.0	28.0	50.0	pain_21	28	16	random	MNI	pain_deactivations
-38.0	-38.0	10.0	pain_21	28	16	random	MNI	pain_deactivations
-62.0	-6.0	22.0	pain_21	28	16	random	MNI	pain_deactivations
-8.0	6.0	40.0	pain_21	29	16	random	MNI	pain
-2.0	-38.0	66.0	pain_21	28	16	random	MNI	pain_deactivations
16.0	-10.0	22.0	pain_21	28	16	random	MNI	pain_deactivations
20.0	2.0	24.0	pain_21	28	16	random	MNI	pain_deactivations
30.0	-78.0	-22.0	pain_21	29	16	random	MNI	pain
30.0	0.0	22.0	pain_21	28	16	random	MNI	pain_deactivations
-42.0	-34.0	8.0	pain_21	28	16	random	MNI	pain_deactivations
56.0	-26.0	2.0	pain_21	28	16	random	MNI	pain_deactivations
-36.0	18.0	50.0	pain_21	28	16	random	MNI	pain_deactivations
-56.0	-34.0	24.0	pain_21	29	16	random	MNI	pain
20.0	-10.0	26.0	pain_21	28	16	random	MNI	pain_deactivations
-6.0	40.0	-18.0	pain_21	28	16	random	MNI	pain_deactivations
-34.0	14.0	2.0	pain_21	29	16	random	MNI	pain
-6.0	48.0	-16.0	pain_21	28	16	random	MNI	pain_deactivations
-4.0	-36.0	78.0	pain_21	28	16	random	MNI	pain_deactivations
-58.0	-28.0	2.0	pain_21	28	16	random	MNI	pain_deactivations
26.0	20.0	56.0	pain_21	28	16	random	MNI	pain_deactivations
16.0	36.0	46.0	pain_21	28	16	random	MNI	pain_deactivations
20.0	36.0	-2.0	pain_21	28	16	random	MNI	pain_deactivations
34.0	10.0	0.0	pain_21	29	16	random	MNI	pain
-50.0	-26.0	2.0	pain_21	28	16	random	MNI	pain_deactivations
38.0	14.0	6.0	pain_21	29	16	random	MNI	pain
-44.0	-68.0	-8.0	pain_21	29	16	random	MNI	pain
-8.0	54.0	-14.0	pain_21	28	16	random	MNI	pain_deactivations
-18.0	20.0	56.0	pain_21	28	16	random	MNI	pain_deactivations
-4.0	56.0	-16.0	pain_21	28	16	random	MNI	pain_deactivations
